month,alameda,alpine,amador,butte,calaveras,colusa,contra_costa,del_norte,el_dorado,fresno,glenn,humboldt,imperial,inyo,kern,kings,lake,lassen,los_angeles,madera,marin,mariposa,mendocino,merced,modoc,mono,monterey,napa,nevada,orange,placer,plumas,riverside,sacramento,san_benito,san_bernardino,san_diego,san_francisco,san_joaquin,san_luis_obispo,san_mateo,santa_barbara,santa_clara,santa_cruz,shasta,sierra,siskiyou,solano,sonoma,stanislaus,sutter,tehama,trinity,tulare,tuolumne,ventura,yolo,yuba,state
2020-01-01,3.1,4.6,4.7,5.6,4.3,19.2,3.2,6.5,3.7,8.1,7.3,4.1,18,3.9,8.6,9.4,6,5.6,4.5,8.1,2.4,6.3,4.8,9.8,9.7,3.5,9.7,3.5,3.7,2.9,3.3,10.5,4.2,3.9,6.2,3.9,3.3,2.3,6.7,3.1,2.1,4.7,2.6,6.1,5.4,6.2,8.3,4,2.9,6.6,8.7,6.3,6.9,11,4.9,3.9,4.9,7,4.3
2020-02-01,3,5,4.4,5.4,4.2,19.8,3.1,6.2,3.7,8.5,7.1,3.9,17,3.9,9.1,9.8,5.8,5.8,4.6,8,2.3,6.3,4.7,10.4,9.8,3.8,10,3.2,3.6,2.8,3.2,11,4.1,3.7,6.2,3.8,3.2,2.3,6.6,3,2.1,4.6,2.6,6.4,5.4,6.9,8.5,3.9,2.8,6.6,8.9,6.2,7.3,11.5,5,3.7,4.8,6.9,4.3
2020-03-01,3.9,7.4,5.5,6.8,5.5,23.5,4.1,7.8,4.7,11,9,5,20.8,4.9,12.1,12.4,7.3,7.6,6.6,10.7,3.1,7.9,6,13.2,11.7,4.9,12.2,4.1,4.8,3.7,4.1,13.6,5.4,4.8,7.9,5,4.2,3.1,8.4,3.8,2.8,5.7,3.4,8.1,6.9,8.6,10.6,5.1,3.7,8.4,11.3,7.9,9.2,14.7,6.5,4.7,6,8.6,5.8
2020-04-01,14,21.6,14.4,15.5,13.3,27,14.5,13.3,15.3,16.9,16,13.8,28.1,13.8,18.7,17,16.7,11.6,20.4,16.7,11.2,18.2,14.7,18.7,13.9,28.3,20.5,16.1,15.2,13.8,13,20.8,15.6,14.5,18.9,13.6,15,12.6,17.8,14,11.4,13.9,11.7,17,15.6,14.6,15.7,15.1,14.5,17.5,18.2,14.4,12.7,19.3,17.3,13.9,11.6,16.1,16.2
2020-05-01,13.7,22,15.3,13.3,12.1,20.6,13.8,13.2,15.1,15.5,13.7,12,27.7,12.5,18.1,15.6,15.5,10,20.8,15.1,10.5,17.6,13.3,16.4,10.9,29.3,16.6,14.5,14.4,14.7,12.5,16.7,15.9,14.3,15.5,14.1,15.2,12.7,16.6,12.9,11.2,12.9,11.2,14.6,13,12.5,13.5,14.4,13,16.2,16.1,12.7,10.7,18.2,16.6,13.7,10.6,15.4,16
2020-06-01,13.5,19.4,12.7,12.2,11,18.4,13.4,12.5,12.8,14.5,12.8,11.7,27.4,11,17.5,14.4,14.2,9.4,19.6,13.9,10.1,14.1,12.4,15.6,9.8,24.7,14.4,12.6,13.1,13.6,11.1,13.7,14.7,13.6,13.7,13.8,13.8,12.5,15.8,11.5,10.8,11.5,10.7,13.1,11.5,11.3,12.4,13.6,11.6,15,15,11.8,9.6,17.1,14.3,12.6,10.5,14.3,15.1
2020-07-01,12.2,14.4,11.9,11.2,9.6,15,12.2,11.5,10.3,13.4,10.9,10.6,27,9.5,16.4,13,11.7,8.6,18.5,12.9,9,10.8,11.1,14.4,8.7,16.6,12,10.6,10.8,12.4,9.8,11.2,13.7,12.5,11.8,13.1,12.4,11.1,14.7,10,9.3,10.3,9.4,11.3,10.4,9.4,11.2,12.5,10,13.6,13.5,11.1,8.7,16.1,12.7,11.4,9.5,13.5,13.9
2020-08-01,9.5,10.4,8.9,8.6,7.2,10.4,9.4,9,7.6,10.3,7.7,8.2,22,7.2,12.4,10.1,8.5,6.4,16.8,9.5,6.8,8.3,8.5,10.7,6.3,11.3,8.9,8,7.8,9.5,7.4,7.8,10.7,9.9,8.8,10.3,9.5,8.5,11.4,7.6,7.2,7.6,7.2,8.5,7.9,7.3,8.7,9.8,7.5,10.3,10.1,8.4,6.5,12.3,9.8,8.7,7.2,10.3,11.3
2020-09-01,9.3,10.7,8.7,8.5,7.4,10.6,9.3,8.8,7.5,10.4,7.3,7.6,21.5,7.3,12.4,10.3,8.6,6.3,15.1,9.4,6.5,8.4,8.3,10.6,6.5,11.2,8.8,7.6,7.4,9,7.1,7.8,10.5,9.8,8.7,10.3,9,8.4,11.4,7.2,7.1,7.4,7,8.1,7.8,6.7,8.5,9.7,7.2,10.3,10.3,8.2,6.7,12.2,9.6,8.4,7.1,10.6,10.8
